[{"model": "sessions.session", "pk": "2ev3wduke5rdmdf33p6dam9sa49axd1r", "fields": {"session_data": ".eJxVjMEOgjAQRP-lZ9NA7bLUo3e_odntbi1qIKFwMv67kHDQ48x7M28TaV1KXKvOcRBzMa05_XZM6anjDuRB432yaRqXeWC7K_ag1d4m0df1cP8OCtWyrZUdepZOoA_ACROEHKDzKAKaaMu-aYlb1LMSI2EWwEwOnPbeUWM-XwC3OJw:1wc3N4:HiJvARWjXJzusDx7R9bJyg02zlIhO3CMkoB4UJeGDS8", "expire_date": "2026-07-07T15:49:06.051Z"}}, {"model": "sessions.session", "pk": "2yjzzwg2wx53bffc2c6d3t69i0k7a98t", "fields": {"session_data": ".eJxVjLEOgzAMRP8lcxVBGmPo2L3fgOzYNLRVIgWYEP9ekBja8e7evdX0tMyxXyYt_SjmZmpz-e2YwlvTMciL0jPbkNNcRrYHYs91so8s-rmf7J8g0hT3t7JDz9IItB1wwADd0EHjUQQ00J59VRPXqFclRsJBAAdy4LT1jqpdGqiUMcVsbuu2fQE6gz2U:1wZ7Nl:fUexzBbqxkJ43C7v-OFYF7I36fKF5oez8xdzO1XEdOs", "expire_date": "2026-06-29T13:29:41.604Z"}}, {"model": "sessions.session", "pk": "4vyc9u6281vzxgyft4r16nbbijq9zeis", "fields": {"session_data": ".eJxVjMEOgjAQRP-lZ9Ns2y20Hr3zDc1u2QpqIKFwMv67kHDQ22Tem3mrRNs6pK3KksZeXZVp1OW3ZMpPmQ7SP2i6zzrP07qMrA9Fn7Tqbu7ldTvdv4OB6rCvi0jMbBoAV2IbMBoGH5wFMF44AJbisgHr0ToUpHaPJmNokSgKe_X5AuifNwU:1wXafB:ZXMInk32V-DbGkLoOc5UBDuJjwjx3fqxNzqkftwnzEw", "expire_date": "2026-06-25T08:21:21.663Z"}}, {"model": "sessions.session", "pk": "5aiib7k7vjy7jg6i8ryrhhm9h2aokyn6", "fields": {"session_data": ".eJxVjDsOgzAQBe_iOrLwB38o0-cMaL1rxySRLRmoEHcPSBRJ-2bebGyEdcnjOsc2TsQGJiy7_Y4B8B3LSegF5Vk51rK0KfBT4Red-aNS_Nwv9y-QYc7HW4bgLGpywmuBPqkINkmMvXFOuyR6ZazspEgB-mRNh4SIQpEhr7xGd0QRWptKrmzY9v0LPQE9FA:1wXafB:jBTeE6VeQPua9mtvyKv3qVWHXRJ3lsddoGHgk2gF1MQ", "expire_date": "2026-06-25T08:21:21.295Z"}}, {"model": "sessions.session", "pk": "7iw0ygr20rf49bd00hk1iygltpcgnoby", "fields": {"session_data": ".eJxVjDsOwjAQBe_iGlk2_oaSPmewdtdrHECOFCcV4u4QKQW0b2beSyTY1pq2zkuasrgIrcTpd0SgB7ed5Du02yxpbusyodwVedAuxznz83q4fwcVev3WXlvvctAGPXiis3HglI9ROUdobAw2QtCBhzIY8owFLEaEwqGQNrGI9wfmVTgT:1wNXuC:Ybf2FtJtAqw-7kb8kUDoO3m7P-SnU91o4fy0XLYSpA0", "expire_date": "2026-05-28T15:23:20.576Z"}}, {"model": "sessions.session", "pk": "7xpbbpwnx089yj66pia2h8r98pz2tj5q", "fields": {"session_data": ".eJxVjMEOgjAQRP-lZ9NA7bLUo3e_odntbi1qIKFwMv67kHDQ48x7M28TaV1KXKvOcRBzMa05_XZM6anjDuRB432yaRqXeWC7K_ag1d4m0df1cP8OCtWyrZUdepZOoA_ACROEHKDzKAKaaMu-aYlb1LMSI2EWwEwOnPbeUWM-XwC3OJw:1wZ7xm:nIqgGh74BNAVaRH95YTnvkgBmHJKj2-hjz_jm0wAHCg", "expire_date": "2026-06-29T14:06:54.481Z"}}, {"model": "sessions.session", "pk": "8cxisyziolktq96a62zs0bylte95j1f1", "fields": {"session_data": ".eJxVjMEOgjAQRP-lZ9NA7bLUo3e_odntbi1qIKFwMv67kHDQ48x7M28TaV1KXKvOcRBzMa05_XZM6anjDuRB432yaRqXeWC7K_ag1d4m0df1cP8OCtWyrZUdepZOoA_ACROEHKDzKAKaaMu-aYlb1LMSI2EWwEwOnPbeUWM-XwC3OJw:1wZ7ll:9ggsgzMX9HlSRTO8G5EEY-iLnCKUtlwtLxXM7mvbqD0", "expire_date": "2026-06-29T13:54:29.749Z"}}, {"model": "sessions.session", "pk": "aknr0vc5f3y1bmtt4hdaegdzf0i3922w", "fields": {"session_data": ".eJxVjMEOgjAQRP-lZ9NA7bLUo3e_odntbi1qIKFwMv67kHDQ48x7M28TaV1KXKvOcRBzMa05_XZM6anjDuRB432yaRqXeWC7K_ag1d4m0df1cP8OCtWyrZUdepZOoA_ACROEHKDzKAKaaMu-aYlb1LMSI2EWwEwOnPbeUWM-XwC3OJw:1wZ7ty:tgvCwr3C25zGyCAg2IM9V-okhE2WNmb2JwnZUskfJTg", "expire_date": "2026-06-29T14:02:58.813Z"}}, {"model": "sessions.session", "pk": "f4lvrrls93b2iqbcqx1d69n050hbosm3", "fields": {"session_data": ".eJxVjMEOgjAQRP-lZ9NA7bLUo3e_odntbi1qIKFwMv67kHDQ48x7M28TaV1KXKvOcRBzMa05_XZM6anjDuRB432yaRqXeWC7K_ag1d4m0df1cP8OCtWyrZUdepZOoA_ACROEHKDzKAKaaMu-aYlb1LMSI2EWwEwOnPbeUWM-XwC3OJw:1wZ7TJ:27VePE-jHkQYIGTSzpVehadZbrEbd6J-bXPF7jpLnrY", "expire_date": "2026-06-29T13:35:25.731Z"}}, {"model": "sessions.session", "pk": "g3jekdheyaakfdf96rhw58ybuszku4x2", "fields": {"session_data": ".eJxVjjEOgzAQBP_iOrIA23CmTJ83oLvzEZNEtmSgQvw9IFEk7c7uaDc14LrEYZ2lDFNQvWrU7Tcj5LekE4QXpmfWnNNSJtJnRV901o8c5HO_un-CiHM81q2zyLYmQgihg8624IigGj2YCtoglXhqXO0dW2-FjWcZQ1eDMR5GoUPKWMqUYlb9drzsm33_AkJVPdM:1vkoOZ:K7Fv8cE3hhkRVvhBptLT9Aowk2iKrJ0AfLM42QNn_kM", "expire_date": "2026-02-10T19:06:35.840Z"}}, {"model": "sessions.session", "pk": "hw5p54wspd6fbbf1784ufletbfz0kku5", "fields": {"session_data": ".eJxVjMEOgjAQRP-lZ9NA7bLUo3e_odntbi1qIKFwMv67kHDQ48x7M28TaV1KXKvOcRBzMa05_XZM6anjDuRB432yaRqXeWC7K_ag1d4m0df1cP8OCtWyrZUdepZOoA_ACROEHKDzKAKaaMu-aYlb1LMSI2EWwEwOnPbeUWM-XwC3OJw:1wd8Ek:BGdJLdt80pEYCGXoKwgJYOIKiX2_778F5JfBQVIlqqY", "expire_date": "2026-07-10T15:12:58.849Z"}}, {"model": "sessions.session", "pk": "jxq2cqise3qcszkv7q5sy4xan0w6ydad", "fields": {"session_data": ".eJxVjDsOwjAQBe_iGlmxvf5R0nMGa71e4wBKpDipEHeHSCmgfTPzXiLhtra0dV7SWMRZqChOv2NGevC0k3LH6TZLmqd1GbPcFXnQLq9z4eflcP8OGvb2rSH6SoMjxwxV2WpCBWJPKpqg6oAGAdBmIiBdKLADX1FrY9Fn65DF-wMgyDjM:1wXagL:GCRQHlAfqXUl3JxOdONsJzsCB_Xya-le3sO2nj8anGc", "expire_date": "2026-06-25T08:22:33.715Z"}}, {"model": "sessions.session", "pk": "k79phkdhdb4oq5mb7tnnp9h38d0xxa4h", "fields": {"session_data": ".eJxVjEEOwiAQRe_C2pDBUpxx6b5nIAMDUjU0Ke3KeHfbpAvd_vfefyvP61L82tLsR1FXZaw6_Y6B4zPVnciD633ScarLPAa9K_qgTQ-TpNftcP8OCrey1ZmCgcwYiRxeuhi4CxbIWk7owApmNCzW5Qg9ce_OLGBkMxAgE2X1-QILyDfj:1wXafC:EZXEBCt0aM1xaDU1HeDkyTV-9cbowYbZt2p4dRxdSf4", "expire_date": "2026-06-25T08:21:22.431Z"}}, {"model": "sessions.session", "pk": "l28x65mq166r1pxz4gacd0081alrj7y6", "fields": {"session_data": ".eJxVjMsOgyAQRf-FdUMGeYnL7vsNZoCx0DaQoK6M_15NXLTbe849GxtxXdK4ztTGHNnAOsFuv6PH8KZykvjC8qw81LK07Pmp8IvO_FEjfe6X-xdIOKfjHZB6HTVFCRHAgJCoFHTSWWOtBqN6ApgcovfeKmEsBDcBio6kRwJ3RAO2lkuqbNj2_QsaUjx9:1wXagL:dT78DMEiePps5hgYuL7ZZ4TPASJPispscdx3Gf3VCJE", "expire_date": "2026-06-25T08:22:33.081Z"}}, {"model": "sessions.session", "pk": "mrc9uqdd2yfgufrbyqbczcfbr1di5typ", "fields": {"session_data": ".eJxVjEEOwiAURO_C2hBAoODSvWcgn_9BqgaS0q6Md7ckXehy5r2ZNwuwrSVsPS1hJnZh0rDTbxkBn6kOQg-o98ax1XWZIx8KP2jnt0bpdT3cv4MCvYy1nCJkcsILhCxJOdTgZdIxEmIma5RNZ79nlNZpnASYHSuJUWjymn2-OTg46Q:1wXafC:Hv75Ir_zqXzFORKjPnLzUam-smiCexgnIkA1pMBSf3c", "expire_date": "2026-06-25T08:21:22.078Z"}}, {"model": "sessions.session", "pk": "o46lpw972jxizdeqpxgryni8zqgww6v6", "fields": {"session_data": ".eJxVjEEOwiAQRe_C2pBCBzvj0n3PQAYGpGpoUtqV8e7apAvd_vfefynP21r81tLiJ1EXZTt1-h0Dx0eqO5E719us41zXZQp6V_RBmx5nSc_r4f4dFG7lW2d0joIV14PJHQpmNoIEJBEAaADLZiDLjiDliIQMUZyxBnoWe07q_QHy8TeN:1wXagL:ck9WRRaxLeGtjuSXCv7feVrPXc-7xRRU3TQ1x3UTQBQ", "expire_date": "2026-06-25T08:22:33.386Z"}}, {"model": "sessions.session", "pk": "pvnaijxrks7i22sb57fxj9969gb09z7e", "fields": {"session_data": ".eJxVjM0OwiAQhN-FsyFFfhY8evcZyC4LUjU0Ke3J-O62SQ96mmS-b-YtIq5LjWvPcxxZXITy4vRbEqZnbjvhB7b7JNPUlnkkuSvyoF3eJs6v6-H-HVTsdVsXS3AuqAODJgZkpwuDzWyDQ5dAbZF9ypQCExoDRg0eiwVtPIMaxOcLM8M4sA:1wXagM:e8bJsJ050Hnpyipdwv2Md-JO2dSGte2AaFEwk7ffo9g", "expire_date": "2026-06-25T08:22:34.013Z"}}, {"model": "sessions.session", "pk": "qcnzfpkedz1wbkipb8jaarb74xr9lcet", "fields": {"session_data": ".eJxVjMEOgjAQRP-lZ9NA7bLUo3e_odntbi1qIKFwMv67kHDQ48x7M28TaV1KXKvOcRBzMa05_XZM6anjDuRB432yaRqXeWC7K_ag1d4m0df1cP8OCtWyrZUdepZOoA_ACROEHKDzKAKaaMu-aYlb1LMSI2EWwEwOnPbeUWM-XwC3OJw:1wZ7XX:aibta3Ug2aCv1N2CHv04A_ohJ1vVVijVIggchFtBkrA", "expire_date": "2026-06-29T13:39:47.869Z"}}, {"model": "sessions.session", "pk": "qtkl9a5mexp4cm0bu31kk21wvr80eoqp", "fields": {"session_data": ".eJxVjMEOgjAQRP-lZ9NA7bLUo3e_odntbi1qIKFwMv67kHDQ48x7M28TaV1KXKvOcRBzMa05_XZM6anjDuRB432yaRqXeWC7K_ag1d4m0df1cP8OCtWyrZUdepZOoA_ACROEHKDzKAKaaMu-aYlb1LMSI2EWwEwOnPbeUWM-XwC3OJw:1wZ89T:7At06BMwvgv68Oo5Hhs-iYR4AEKw_2PtOk97KDbyIXk", "expire_date": "2026-06-29T14:18:59.081Z"}}, {"model": "sessions.session", "pk": "t88zma6xwu5fmnqh5si41h0qf7hphal5", "fields": {"session_data": ".eJxVjDsOwjAQRO_iGlne-EOgpM8ZrN3sGgeQI8VJhbg7sZQCqpHmvZm3iritOW5VljixuqqgTr8d4fiU0gA_sNxnPc5lXSbSTdEHrXqYWV63w_07yFhzW58Zg6VeghHyhP0F_Z4enEBnXAo7YWJnIREIgoGA4LsEYpkssvp8AQHHOKM:1wZ7F5:gaP8wl_ZTolgdmrfLbrekjyBONe5dGqUL0Uur-vWlz4", "expire_date": "2026-06-29T13:20:43.143Z"}}, {"model": "sessions.session", "pk": "tbt83yvhj1g5vtna6mmzxqb4f5x8sx9h", "fields": {"session_data": ".eJxVjMEOgjAQRP-lZ9NA7bLUo3e_odntbi1qIKFwMv67kHDQ48x7M28TaV1KXKvOcRBzMa05_XZM6anjDuRB432yaRqXeWC7K_ag1d4m0df1cP8OCtWyrZUdepZOoA_ACROEHKDzKAKaaMu-aYlb1LMSI2EWwEwOnPbeUWM-XwC3OJw:1wZ7iC:COHNPK3llLJBzEwu3gWjfQD56eVFJU3UQNraouGqgJ0", "expire_date": "2026-06-29T13:50:48.154Z"}}, {"model": "sessions.session", "pk": "xoha82uukm2bx6k6nnwqcubn0bydnrp1", "fields": {"session_data": ".eJxVjMEOgjAQRP-lZ9NA7bLUo3e_odntbi1qIKFwMv67kHDQ48x7M28TaV1KXKvOcRBzMa05_XZM6anjDuRB432yaRqXeWC7K_ag1d4m0df1cP8OCtWyrZUdepZOoA_ACROEHKDzKAKaaMu-aYlb1LMSI2EWwEwOnPbeUWM-XwC3OJw:1wYrxH:pZwK34WaGGOudPA2pFHT47aKEgrObN4unkhwBfiQD2k", "expire_date": "2026-06-28T21:01:19.002Z"}}, {"model": "app.contacto", "pk": 1, "fields": {"nome": "Gabriel Viana", "email": "gabrielochoaviana@gmail.com", "telefone": "966766600", "assunto": "AS", "mensagem": "ASA", "lida": false, "respondida": false, "data_criacao": "2026-04-30T15:49:07.524Z"}}, {"model": "app.contacto", "pk": 2, "fields": {"nome": "Gabriel Viana", "email": "gabrielochoaviana@gmail.com", "telefone": "966766600", "assunto": "sasa", "mensagem": "sasas", "lida": false, "respondida": false, "data_criacao": "2026-04-30T15:57:23.234Z"}}, {"model": "app.contacto", "pk": 3, "fields": {"nome": "Gabriel Viana", "email": "a14616@oficina.pt", "telefone": "966766600", "assunto": "as", "mensagem": "as", "lida": false, "respondida": false, "data_criacao": "2026-05-08T10:23:04.080Z"}}, {"model": "app.contacto", "pk": 4, "fields": {"nome": "Gabriel Viana", "email": "a14616@oficina.pt", "telefone": "966766600", "assunto": "asas", "mensagem": "as", "lida": false, "respondida": false, "data_criacao": "2026-05-08T10:28:01.098Z"}}, {"model": "app.contacto", "pk": 5, "fields": {"nome": "Gabriel Viana", "email": "a14616@oficina.pt", "telefone": "966766600", "assunto": "Z", "mensagem": "ZzZsdsc", "lida": false, "respondida": false, "data_criacao": "2026-05-08T10:49:09.632Z"}}, {"model": "app.contacto", "pk": 6, "fields": {"nome": "Leonardo Machado", "email": "a14521@oficina.pt", "telefone": "", "assunto": "Pap", "mensagem": "Preciso de ajuda", "lida": false, "respondida": false, "data_criacao": "2026-05-08T10:50:10.506Z"}}, {"model": "app.contacto", "pk": 10, "fields": {"nome": "Gabriel Viana", "email": "gabrielochoaviana@gmail.com", "telefone": "966766600", "assunto": "asas", "mensagem": "asas", "lida": false, "respondida": false, "data_criacao": "2026-05-14T10:31:28.226Z"}}, {"model": "app.contacto", "pk": 11, "fields": {"nome": "Vasco Ruas", "email": "a14599@oficina.pt", "telefone": "", "assunto": "Colhão", "mensagem": "Doime os colhões", "lida": false, "respondida": false, "data_criacao": "2026-05-22T10:34:50.507Z"}}, {"model": "app.contacto", "pk": 14, "fields": {"nome": "Gabriel Viana", "email": "a14616@oficina.pt", "telefone": "966766600", "assunto": "asas", "mensagem": "asa", "lida": false, "respondida": false, "data_criacao": "2026-06-15T21:40:55.819Z"}}, {"model": "app.contacto", "pk": 15, "fields": {"nome": "Gabriel Viana", "email": "a14616@oficina.pt", "telefone": "966766600", "assunto": "Pré-Apresentação da Prova de Aptidão Profissional", "mensagem": "Pré-Apresentação da Prova de Aptidão Profissional", "lida": true, "respondida": false, "data_criacao": "2026-06-16T22:25:05.185Z"}}, {"model": "app.contacto", "pk": 16, "fields": {"nome": "Gabriel Viana", "email": "a14616@oficina.pt", "telefone": "", "assunto": "Pap", "mensagem": "Tenho uma duvida na Pap!", "lida": false, "respondida": false, "data_criacao": "2026-06-26T15:12:46.959Z"}}, {"model": "app.categoriaproduto", "pk": 1, "fields": {"nome": "Recuperação e Bem-estar", "descricao": "Produtos para recuperação muscular, conforto e relaxamento.", "ordem": 1, "ativo": true}}, {"model": "app.categoriaproduto", "pk": 2, "fields": {"nome": "Acessos e Check-in", "descricao": "Pulseiras, cartões e soluções de acesso.", "ordem": 2, "ativo": true}}, {"model": "app.categoriaproduto", "pk": 3, "fields": {"nome": "Hidratação e Conforto", "descricao": "Itens para hidratação e uso diário.", "ordem": 3, "ativo": true}}, {"model": "app.categoriaproduto", "pk": 4, "fields": {"nome": "Vouchers e Experiências", "descricao": "Vouchers para ofertas, reservas e experiências.", "ordem": 4, "ativo": true}}, {"model": "app.categoriaproduto", "pk": 5, "fields": {"nome": "Pacotes de Sessões", "descricao": "Bundles de sessões e marcações.", "ordem": 5, "ativo": true}}, {"model": "app.categoriaproduto", "pk": 6, "fields": {"nome": "Planos e Assinaturas", "descricao": "Produtos de adesão e recorrência.", "ordem": 6, "ativo": true}}, {"model": "app.categoriaproduto", "pk": 7, "fields": {"nome": "Equipamento Funcional", "descricao": "Acessórios para treino e mobilidade.", "ordem": 7, "ativo": true}}, {"model": "app.categoriaproduto", "pk": 8, "fields": {"nome": "Apoio Operacional", "descricao": "Itens para receção, stock e organização.", "ordem": 8, "ativo": true}}, {"model": "app.categoriaproduto", "pk": 9, "fields": {"nome": "Merchandising e Utilidade", "descricao": "Produtos práticos para clientes e equipas.", "ordem": 9, "ativo": true}}, {"model": "app.produto", "pk": 1, "fields": {"nome": "Toalha de Recuperação Premium", "descricao": "Toalha macia e resistente para uso em spa, ginásio ou health club.", "categoria": 1, "preco": "14.90", "stock": 53, "imagem": "", "ativo": true, "destaque": true, "data_criacao": "2026-01-22T09:58:43.552Z"}}, {"model": "app.produto", "pk": 2, "fields": {"nome": "Pulseira RFID de Acesso", "descricao": "Pulseira para controlo de acesso, check-in e uso em balneários.", "categoria": 2, "preco": "8.50", "stock": 120, "imagem": "", "ativo": true, "destaque": true, "data_criacao": "2026-01-22T09:58:43.557Z"}}, {"model": "app.produto", "pk": 3, "fields": {"nome": "Garrafa Isotérmica Sport", "descricao": "Garrafa reutilizável para hidratação durante treinos e tratamentos.", "categoria": 3, "preco": "12.00", "stock": 80, "imagem": "", "ativo": true, "destaque": false, "data_criacao": "2026-06-08T13:06:45.596Z"}}, {"model": "app.produto", "pk": 4, "fields": {"nome": "Voucher Experiência Relax", "descricao": "Voucher para oferecer uma experiência de relaxamento ou recuperação.", "categoria": 4, "preco": "25.00", "stock": 40, "imagem": "", "ativo": true, "destaque": true, "data_criacao": "2026-06-11T07:51:05.041Z"}}, {"model": "app.produto", "pk": 5, "fields": {"nome": "Pack de 10 Entradas", "descricao": "Pack de entradas para serviços ou sessões recorrentes.", "categoria": 5, "preco": "49.90", "stock": 30, "imagem": "", "ativo": true, "destaque": true, "data_criacao": "2026-06-11T07:51:05.047Z"}}, {"model": "app.produto", "pk": 6, "fields": {"nome": "Plano Mensal Club", "descricao": "Plano mensal para acesso contínuo a serviços e benefícios.", "categoria": 6, "preco": "29.90", "stock": 25, "imagem": "", "ativo": true, "destaque": true, "data_criacao": "2026-06-11T07:51:05.054Z"}}, {"model": "app.produto", "pk": 7, "fields": {"nome": "Bandas Elásticas Pro", "descricao": "Conjunto de bandas para treino funcional e mobilidade.", "categoria": 7, "preco": "16.50", "stock": 55, "imagem": "", "ativo": true, "destaque": false, "data_criacao": "2026-06-11T07:51:05.060Z"}}, {"model": "app.produto", "pk": 8, "fields": {"nome": "Kit Organização da Receção", "descricao": "Kit prático para organização, registo e apoio ao balcão.", "categoria": 8, "preco": "11.90", "stock": 70, "imagem": "", "ativo": true, "destaque": false, "data_criacao": "2026-06-11T08:00:57.285Z"}}, {"model": "app.produto", "pk": 9, "fields": {"nome": "Saco Desportivo Compacto", "descricao": "Saco leve para clientes e equipas levarem o essencial.", "categoria": 9, "preco": "18.00", "stock": 45, "imagem": "", "ativo": true, "destaque": false, "data_criacao": "2026-06-11T08:00:57.291Z"}}, {"model": "app.utilizador", "fields": {"password": "pbkdf2_sha256$600000$ppn9pXEcomo1lmmt0tEraD$FuJTDmc8dhiitzZstrojyzcUvCVp3cqzc8ktS9dABrQ=", "last_login": "2026-06-26T15:12:58.842Z", "is_superuser": true, "username": "admin", "first_name": "Administrador", "last_name": "Sistema", "email": "wellreservepap@gmail.com", "is_staff": true, "is_active": true, "date_joined": "2026-01-22T09:58:26.283Z", "tipo": "admin", "telefone": null, "morada": "", "data_nascimento": null, "nif": null, "foto": "", "data_criacao": "2026-01-22T09:58:26.888Z", "data_atualizacao": "2026-05-08T14:19:24.841Z", "groups": [], "user_permissions": []}}, {"model": "app.utilizador", "fields": {"password": "pbkdf2_sha256$1200000$SgD7bpd4GhXPLxtOLOJcvK$zMNgoUu6/SE0MzfLqgtOK0QLHFPy+rBV15qa5YtiO94=", "last_login": "2026-01-22T10:05:40.918Z", "is_superuser": false, "username": "gabriel123", "first_name": "Gabriel", "last_name": "Viana", "email": "gabrielochoaviana@gmail.com", "is_staff": false, "is_active": true, "date_joined": "2026-01-22T10:05:40.386Z", "tipo": "cliente", "telefone": "966766600", "morada": null, "data_nascimento": "2008-06-12", "nif": null, "foto": "", "data_criacao": "2026-01-22T10:05:40.898Z", "data_atualizacao": "2026-01-22T10:05:40.898Z", "groups": [], "user_permissions": []}}, {"model": "app.utilizador", "fields": {"password": "pbkdf2_sha256$1200000$hQGAgAoWwOoEjcDu7L5235$/sfEvO1LMeMjQ+JvM3MlfV9gJQMywmI1iHphCMt9+MU=", "last_login": null, "is_superuser": false, "username": "rviana", "first_name": "Rui", "last_name": "Viana", "email": "ruiviana31@hotmail.com", "is_staff": false, "is_active": true, "date_joined": "2026-05-08T14:25:48.875Z", "tipo": "funcionario", "telefone": "969109011", "morada": "Travessa das searas de baixo, nº136, Landim, Braga,", "data_nascimento": null, "nif": null, "foto": "", "data_criacao": "2026-05-08T14:25:49.854Z", "data_atualizacao": "2026-05-08T14:25:49.854Z", "groups": [], "user_permissions": []}}, {"model": "app.utilizador", "fields": {"password": "pbkdf2_sha256$1200000$DxNy2lSeCprQGIYelWSDw6$rDNf/fKZ0SqFqBoQbsKB9Ip90pqOiOcROYKKrAbgRBc=", "last_login": "2026-05-08T14:54:28.069Z", "is_superuser": false, "username": "vascom", "first_name": "Vasco", "last_name": "Matos", "email": "vascomatos761@gmail.com", "is_staff": false, "is_active": true, "date_joined": "2026-05-08T14:52:13.056Z", "tipo": "cliente", "telefone": "910819622", "morada": null, "data_nascimento": "2008-12-06", "nif": null, "foto": "", "data_criacao": "2026-05-08T14:52:13.586Z", "data_atualizacao": "2026-05-08T14:52:13.586Z", "groups": [], "user_permissions": []}}, {"model": "app.utilizador", "fields": {"password": "pbkdf2_sha256$600000$WtFBHDxYvWfWkIBWRigeZW$dSBhKYs8z2u0yM3hZiYS3LPR8e1B155qzwjquHC2fxY=", "last_login": "2026-06-26T15:11:09.408Z", "is_superuser": false, "username": "a14616", "first_name": "Gabriel", "last_name": "Viana", "email": "a14616@oficina.pt", "is_staff": false, "is_active": true, "date_joined": "2026-05-08T14:56:51.733Z", "tipo": "cliente", "telefone": "966766600", "morada": "", "data_nascimento": "2008-06-12", "nif": null, "foto": "", "data_criacao": "2026-05-08T14:56:52.218Z", "data_atualizacao": "2026-06-15T13:20:34.311Z", "groups": [], "user_permissions": []}}, {"model": "app.utilizador", "fields": {"password": "pbkdf2_sha256$1200000$zsQuNs0YYOsvacu0wa749b$djtimjCj6yrYZbm/eRjAARu2rde/rIT4cl8TNlvjA+I=", "last_login": "2026-05-08T15:00:10.125Z", "is_superuser": false, "username": "leo696", "first_name": "leo", "last_name": "machado", "email": "a14521@oficina.pt", "is_staff": false, "is_active": true, "date_joined": "2026-05-08T15:00:09.612Z", "tipo": "cliente", "telefone": "", "morada": null, "data_nascimento": "2008-10-08", "nif": null, "foto": "", "data_criacao": "2026-05-08T15:00:10.113Z", "data_atualizacao": "2026-05-08T15:00:10.113Z", "groups": [], "user_permissions": []}}, {"model": "app.utilizador", "fields": {"password": "pbkdf2_sha256$1200000$6i0hylhvGnuFxPGg9ODcBE$1LGl6XNoybVfPrzF0grd3IvbU1IXc04z5WDv82Tn2Ok=", "last_login": "2026-05-10T20:57:23.176Z", "is_superuser": false, "username": "rviana31", "first_name": "Rui", "last_name": "Viana", "email": "ruiviana31@hotmail.com", "is_staff": false, "is_active": true, "date_joined": "2026-05-10T20:57:22.655Z", "tipo": "cliente", "telefone": "969109011", "morada": null, "data_nascimento": "1975-07-10", "nif": null, "foto": "", "data_criacao": "2026-05-10T20:57:23.148Z", "data_atualizacao": "2026-05-10T20:57:23.148Z", "groups": [], "user_permissions": []}}, {"model": "app.utilizador", "fields": {"password": "pbkdf2_sha256$1200000$E2H51CjQLuo88PtNoccmI4$eNYZ58WYZ+9aZ+zrlmSo7IYHj5CxTJ8FzMmRTIxuxj4=", "last_login": "2026-05-14T10:26:25.243Z", "is_superuser": false, "username": "inessnes", "first_name": "ines", "last_name": "jorge", "email": "inescampos444@gmail.com", "is_staff": false, "is_active": true, "date_joined": "2026-05-14T10:26:24.620Z", "tipo": "cliente", "telefone": "", "morada": null, "data_nascimento": null, "nif": null, "foto": "", "data_criacao": "2026-05-14T10:26:25.228Z", "data_atualizacao": "2026-05-14T10:26:25.228Z", "groups": [], "user_permissions": []}}, {"model": "app.utilizador", "fields": {"password": "pbkdf2_sha256$600000$ArYiNzut97qqYnuhpoAu54$UBd0A7unb+hn7XECWIRjkFhRNQdvOYgxdfhL9YOCU9k=", "last_login": "2026-06-16T22:09:14.108Z", "is_superuser": false, "username": "test", "first_name": "Test", "last_name": "", "email": "test@test.com", "is_staff": false, "is_active": true, "date_joined": "2026-05-14T15:22:31.267Z", "tipo": "funcionario", "telefone": null, "morada": "", "data_nascimento": null, "nif": null, "foto": "", "data_criacao": "2026-05-14T15:22:31.788Z", "data_atualizacao": "2026-05-15T08:04:11.624Z", "groups": [], "user_permissions": []}}, {"model": "app.utilizador", "fields": {"password": "pbkdf2_sha256$600000$0LNCjVId9skujlekAyFYtw$jhotC/a15XrI+/+Lky/1NHLYe8OgEnOQ/805Yyl/uqw=", "last_login": "2026-06-26T15:00:23.679Z", "is_superuser": false, "username": "admin1", "first_name": "", "last_name": "", "email": "", "is_staff": false, "is_active": true, "date_joined": "2026-05-15T13:18:35.120Z", "tipo": "recepcao", "telefone": null, "morada": "", "data_nascimento": null, "nif": null, "foto": "", "data_criacao": "2026-05-15T13:18:36.103Z", "data_atualizacao": "2026-05-15T13:18:36.103Z", "groups": [], "user_permissions": []}}, {"model": "app.utilizador", "fields": {"password": "pbkdf2_sha256$600000$w2dwp0QrgKbDS5iwJFkkEP$srxejTvKRJjeU/U9Qa8bYGX9rz4szzsGPmmC/vsKnAM=", "last_login": "2026-05-22T10:33:10.529Z", "is_superuser": false, "username": "ruas", "first_name": "Vasco", "last_name": "Ruas", "email": "a14599@oficina.pt", "is_staff": false, "is_active": true, "date_joined": "2026-05-22T10:30:58.387Z", "tipo": "cliente", "telefone": "", "morada": null, "data_nascimento": null, "nif": null, "foto": "", "data_criacao": "2026-05-22T10:30:58.655Z", "data_atualizacao": "2026-05-22T10:30:58.655Z", "groups": [], "user_permissions": []}}, {"model": "app.utilizador", "fields": {"password": "pbkdf2_sha256$600000$kT9lRLhRr2xwE6aOgMxbqL$SeFlriERipw5tzzvxuB/GUxplFd1sxaiwi99tNry9hY=", "last_login": "2026-06-03T22:15:24.267Z", "is_superuser": false, "username": "xana", "first_name": "Maria", "last_name": "Gonçalves", "email": "xanaochoag@gmail.com", "is_staff": false, "is_active": true, "date_joined": "2026-06-03T22:15:23.989Z", "tipo": "cliente", "telefone": "", "morada": null, "data_nascimento": null, "nif": null, "foto": "", "data_criacao": "2026-06-03T22:15:24.250Z", "data_atualizacao": "2026-06-03T22:15:24.250Z", "groups": [], "user_permissions": []}}, {"model": "app.utilizador", "fields": {"password": "pbkdf2_sha256$600000$1PoIdSwDTHT83mWXVKe9vW$8+Wy70Gwgk0NB8UlG2ghuJgQ0cxq2pMGVYNDhxkVuFM=", "last_login": "2026-06-26T15:00:36.018Z", "is_superuser": false, "username": "admin2", "first_name": "", "last_name": "", "email": "", "is_staff": false, "is_active": true, "date_joined": "2026-06-22T13:17:47.154Z", "tipo": "funcionario", "telefone": null, "morada": "", "data_nascimento": null, "nif": null, "foto": "", "data_criacao": "2026-06-22T13:17:47.634Z", "data_atualizacao": "2026-06-22T13:17:54.304Z", "groups": [], "user_permissions": []}}, {"model": "app.utilizador", "fields": {"password": "pbkdf2_sha256$600000$BsEXrQeJanxMmzGfoZ0Zo9$z1gqei4Fd6532xWVLsEYdZdz8y7DYPXoMaFABIWzKrk=", "last_login": "2026-06-26T14:23:40.816Z", "is_superuser": false, "username": "gviana", "first_name": "Gabriel", "last_name": "Viana", "email": "a14616@oficina.pt", "is_staff": false, "is_active": true, "date_joined": "2026-06-26T14:23:40.533Z", "tipo": "cliente", "telefone": "", "morada": null, "data_nascimento": null, "nif": null, "foto": "", "data_criacao": "2026-06-26T14:23:40.802Z", "data_atualizacao": "2026-06-26T14:23:40.802Z", "groups": [], "user_permissions": []}}, {"model": "app.encomenda", "pk": 1, "fields": {"cliente": ["admin"], "estado": "pendente", "total": "12.00", "notas": "", "faturacao_nome": "", "faturacao_email": "", "faturacao_nif": "", "faturacao_morada": "", "entrega_morada": "", "metodo_pagamento": "simulado", "estado_pagamento": "pendente", "referencia_pagamento": "", "numero_fatura": "", "data_pagamento": null, "data_criacao": "2026-05-08T15:39:43.202Z", "data_atualizacao": "2026-05-08T15:39:43.220Z"}}, {"model": "app.encomenda", "pk": 2, "fields": {"cliente": ["admin"], "estado": "pendente", "total": "24.00", "notas": "", "faturacao_nome": "", "faturacao_email": "", "faturacao_nif": "", "faturacao_morada": "", "entrega_morada": "", "metodo_pagamento": "simulado", "estado_pagamento": "pendente", "referencia_pagamento": "", "numero_fatura": "", "data_pagamento": null, "data_criacao": "2026-05-08T15:40:01.362Z", "data_atualizacao": "2026-05-08T15:40:01.380Z"}}, {"model": "app.encomenda", "pk": 3, "fields": {"cliente": ["admin"], "estado": "enviada", "total": "24.00", "notas": "", "faturacao_nome": "Gabriel Viana", "faturacao_email": "gabrielochoaviana@gmail.com", "faturacao_nif": "264423135", "faturacao_morada": "Travessa das searas de baixo, nº136, Landim, Braga,", "entrega_morada": "Travessa das searas de baixo, nº136, Landim, Braga,", "metodo_pagamento": "simulado", "estado_pagamento": "pago", "referencia_pagamento": "FP-20260508-0001-165525", "numero_fatura": "FAT-20260508-00003", "data_pagamento": "2026-05-08T15:55:25.319Z", "data_criacao": "2026-05-08T15:55:25.335Z", "data_atualizacao": "2026-05-22T09:09:35.277Z"}}, {"model": "app.encomenda", "pk": 4, "fields": {"cliente": ["a14616"], "estado": "pendente", "total": "12.00", "notas": "", "faturacao_nome": "Gabriel Viana", "faturacao_email": "a14616@oficina.pt", "faturacao_nif": "264423135", "faturacao_morada": "Travessa das searas de baixo, nº136, Landim, Braga,", "entrega_morada": "Travessa das searas de baixo, nº136, Landim, Braga,", "metodo_pagamento": "simulado", "estado_pagamento": "pago", "referencia_pagamento": "FP-20260522-0006-101548", "numero_fatura": "FAT-20260522-00004", "data_pagamento": "2026-05-22T09:15:48.689Z", "data_criacao": "2026-05-22T09:15:48.690Z", "data_atualizacao": "2026-05-22T09:15:48.713Z"}}, {"model": "app.encomenda", "pk": 5, "fields": {"cliente": ["a14616"], "estado": "pendente", "total": "12.00", "notas": "", "faturacao_nome": "Gabriel Viana", "faturacao_email": "a14616@oficina.pt", "faturacao_nif": "264423135", "faturacao_morada": "Travessa das searas de baixo, nº136, Landim, Braga,", "entrega_morada": "Travessa das searas de baixo, nº136, Landim, Braga,", "metodo_pagamento": "simulado", "estado_pagamento": "pago", "referencia_pagamento": "FP-20260522-0006-103133", "numero_fatura": "FAT-20260522-00005", "data_pagamento": "2026-05-22T09:31:33.834Z", "data_criacao": "2026-05-22T09:31:33.835Z", "data_atualizacao": "2026-05-22T09:31:33.858Z"}}, {"model": "app.encomenda", "pk": 6, "fields": {"cliente": ["a14616"], "estado": "pendente", "total": "12.00", "notas": "", "faturacao_nome": "Gabriel Viana", "faturacao_email": "a14616@oficina.pt", "faturacao_nif": "252525225", "faturacao_morada": "Travessa das searas de baixo, nº136, Landim, Braga,", "entrega_morada": "Travessa das searas de baixo, nº136, Landim, Braga,", "metodo_pagamento": "simulado", "estado_pagamento": "pago", "referencia_pagamento": "FP-20260522-0006-110125", "numero_fatura": "FAT-20260522-00006", "data_pagamento": "2026-05-22T10:01:25.255Z", "data_criacao": "2026-05-22T10:01:25.256Z", "data_atualizacao": "2026-05-22T10:01:25.279Z"}}, {"model": "app.encomenda", "pk": 7, "fields": {"cliente": ["ruas"], "estado": "enviada", "total": "12.00", "notas": "", "faturacao_nome": "Vasco Ruas", "faturacao_email": "a14599@oficina.pt", "faturacao_nif": "123456789", "faturacao_morada": "Rua do caralho 192", "entrega_morada": "Rua do caralho 192", "metodo_pagamento": "simulado", "estado_pagamento": "pago", "referencia_pagamento": "FP-20260522-0012-113139", "numero_fatura": "FAT-20260522-00007", "data_pagamento": "2026-05-22T10:31:39.741Z", "data_criacao": "2026-05-22T10:31:39.742Z", "data_atualizacao": "2026-05-22T10:32:22.347Z"}}, {"model": "app.encomenda", "pk": 8, "fields": {"cliente": ["a14616"], "estado": "pendente", "total": "12.00", "notas": "", "faturacao_nome": "Gabriel Viana", "faturacao_email": "a14616@oficina.pt", "faturacao_nif": "", "faturacao_morada": "Travessa das searas de baixo, nº136, Landim, Braga,", "entrega_morada": "Travessa das searas de baixo, nº136, Landim, Braga,", "metodo_pagamento": "simulado", "estado_pagamento": "pago", "referencia_pagamento": "FP-20260522-0006-145420", "numero_fatura": "FAT-20260522-00008", "data_pagamento": "2026-05-22T13:54:20.731Z", "data_criacao": "2026-05-22T13:54:20.731Z", "data_atualizacao": "2026-05-22T13:54:20.757Z"}}, {"model": "app.encomenda", "pk": 9, "fields": {"cliente": ["admin1"], "estado": "pendente", "total": "12.00", "notas": "", "faturacao_nome": "Gabriel Viana", "faturacao_email": "gabrielochoaviana@gmail.com", "faturacao_nif": "1234567", "faturacao_morada": "Travessa das searas de baixo, nº136, Landim, Braga,", "entrega_morada": "Travessa das searas de baixo, nº136, Landim, Braga,", "metodo_pagamento": "simulado", "estado_pagamento": "pago", "referencia_pagamento": "FP-20260603-0011-232245", "numero_fatura": "FAT-20260603-00009", "data_pagamento": "2026-06-03T22:22:45.879Z", "data_criacao": "2026-06-03T22:22:45.881Z", "data_atualizacao": "2026-06-03T22:22:45.905Z"}}, {"model": "app.encomenda", "pk": 12, "fields": {"cliente": ["admin"], "estado": "pendente", "total": "14.90", "notas": "", "faturacao_nome": "Gabriel Viana", "faturacao_email": "a14616@oficina.pt", "faturacao_nif": "", "faturacao_morada": "Travessa das searas de baixo, nº136, Landim, Braga,", "entrega_morada": "Travessa das searas de baixo, nº136, Landim, Braga,", "metodo_pagamento": "simulado", "estado_pagamento": "pago", "referencia_pagamento": "FP-20260615-0001-142936", "numero_fatura": "FAT-20260615-00012", "data_pagamento": "2026-06-15T13:29:36.490Z", "data_criacao": "2026-06-15T13:29:36.491Z", "data_atualizacao": "2026-06-15T13:29:36.522Z"}}, {"model": "app.encomenda", "pk": 13, "fields": {"cliente": ["a14616"], "estado": "enviada", "total": "14.90", "notas": "", "faturacao_nome": "Gabriel Viana", "faturacao_email": "a14616@oficina.pt", "faturacao_nif": "", "faturacao_morada": "Travessa das searas de baixo, nº136, Landim, Braga,", "entrega_morada": "Travessa das searas de baixo, nº136, Landim, Braga,", "metodo_pagamento": "simulado", "estado_pagamento": "pago", "referencia_pagamento": "FP-20260616-0006-232727", "numero_fatura": "FAT-20260616-00013", "data_pagamento": "2026-06-16T22:27:27.804Z", "data_criacao": "2026-06-16T22:27:27.808Z", "data_atualizacao": "2026-06-16T22:29:52.667Z"}}, {"model": "app.encomenda", "pk": 14, "fields": {"cliente": ["a14616"], "estado": "pendente", "total": "14.90", "notas": "", "faturacao_nome": "Gabriel Viana", "faturacao_email": "a14616@oficina.pt", "faturacao_nif": "", "faturacao_morada": "R. Instituto Nun'Álvares, 4784-907 Areias", "entrega_morada": "R. Instituto Nun'Álvares, 4784-907 Areias", "metodo_pagamento": "simulado", "estado_pagamento": "pago", "referencia_pagamento": "FP-20260624-0006-095158", "numero_fatura": "FAT-20260624-00014", "data_pagamento": "2026-06-24T08:51:58.883Z", "data_criacao": "2026-06-24T08:51:58.885Z", "data_atualizacao": "2026-06-24T08:51:58.906Z"}}, {"model": "app.encomenda", "pk": 15, "fields": {"cliente": ["gviana"], "estado": "pendente", "total": "14.90", "notas": "", "faturacao_nome": "Gabriel Viana", "faturacao_email": "a14616@oficina.pt", "faturacao_nif": "", "faturacao_morada": "Escola Oficina", "entrega_morada": "Escola Oficina", "metodo_pagamento": "simulado", "estado_pagamento": "pago", "referencia_pagamento": "FP-20260626-0023-152446", "numero_fatura": "FAT-20260626-00015", "data_pagamento": "2026-06-26T14:24:46.713Z", "data_criacao": "2026-06-26T14:24:46.713Z", "data_atualizacao": "2026-06-26T14:24:46.737Z"}}, {"model": "app.encomenda", "pk": 16, "fields": {"cliente": ["gviana"], "estado": "pendente", "total": "14.90", "notas": "", "faturacao_nome": "zxzx", "faturacao_email": "a14616@oficina.pt", "faturacao_nif": "zx", "faturacao_morada": "zxzx", "entrega_morada": "zxzx", "metodo_pagamento": "simulado", "estado_pagamento": "pago", "referencia_pagamento": "FP-20260626-0023-155311", "numero_fatura": "FAT-20260626-00016", "data_pagamento": "2026-06-26T14:53:11.880Z", "data_criacao": "2026-06-26T14:53:11.908Z", "data_atualizacao": "2026-06-26T14:53:11.936Z"}}, {"model": "app.encomenda", "pk": 17, "fields": {"cliente": ["admin2"], "estado": "pendente", "total": "14.90", "notas": "", "faturacao_nome": "as", "faturacao_email": "a14616@oficina.pt", "faturacao_nif": "", "faturacao_morada": "asas", "entrega_morada": "asas", "metodo_pagamento": "simulado", "estado_pagamento": "pago", "referencia_pagamento": "FP-20260626-0022-160051", "numero_fatura": "FAT-20260626-00017", "data_pagamento": "2026-06-26T15:00:51.923Z", "data_criacao": "2026-06-26T15:00:51.923Z", "data_atualizacao": "2026-06-26T15:00:51.946Z"}}, {"model": "app.encomenda", "pk": 18, "fields": {"cliente": ["a14616"], "estado": "pendente", "total": "14.90", "notas": "", "faturacao_nome": "Gabriel Viana", "faturacao_email": "a14616@oficina.pt", "faturacao_nif": "", "faturacao_morada": "Oficia Escola Profissional", "entrega_morada": "Oficia Escola Profissional", "metodo_pagamento": "simulado", "estado_pagamento": "pago", "referencia_pagamento": "FP-20260626-0006-161147", "numero_fatura": "FAT-20260626-00018", "data_pagamento": "2026-06-26T15:11:47.193Z", "data_criacao": "2026-06-26T15:11:47.194Z", "data_atualizacao": "2026-06-26T15:11:47.229Z"}}, {"model": "app.itemencomenda", "pk": 1, "fields": {"encomenda": 1, "produto": 2, "quantidade": 1, "preco_unitario": "12.00"}}, {"model": "app.itemencomenda", "pk": 2, "fields": {"encomenda": 2, "produto": 2, "quantidade": 2, "preco_unitario": "12.00"}}, {"model": "app.itemencomenda", "pk": 3, "fields": {"encomenda": 3, "produto": 2, "quantidade": 2, "preco_unitario": "12.00"}}, {"model": "app.itemencomenda", "pk": 4, "fields": {"encomenda": 4, "produto": 2, "quantidade": 1, "preco_unitario": "12.00"}}, {"model": "app.itemencomenda", "pk": 5, "fields": {"encomenda": 5, "produto": 2, "quantidade": 1, "preco_unitario": "12.00"}}, {"model": "app.itemencomenda", "pk": 6, "fields": {"encomenda": 6, "produto": 2, "quantidade": 1, "preco_unitario": "12.00"}}, {"model": "app.itemencomenda", "pk": 7, "fields": {"encomenda": 7, "produto": 2, "quantidade": 1, "preco_unitario": "12.00"}}, {"model": "app.itemencomenda", "pk": 8, "fields": {"encomenda": 8, "produto": 2, "quantidade": 1, "preco_unitario": "12.00"}}, {"model": "app.itemencomenda", "pk": 9, "fields": {"encomenda": 9, "produto": 2, "quantidade": 1, "preco_unitario": "12.00"}}, {"model": "app.itemencomenda", "pk": 14, "fields": {"encomenda": 12, "produto": 1, "quantidade": 1, "preco_unitario": "14.90"}}, {"model": "app.itemencomenda", "pk": 15, "fields": {"encomenda": 13, "produto": 1, "quantidade": 1, "preco_unitario": "14.90"}}, {"model": "app.itemencomenda", "pk": 16, "fields": {"encomenda": 14, "produto": 1, "quantidade": 1, "preco_unitario": "14.90"}}, {"model": "app.itemencomenda", "pk": 17, "fields": {"encomenda": 15, "produto": 1, "quantidade": 1, "preco_unitario": "14.90"}}, {"model": "app.itemencomenda", "pk": 18, "fields": {"encomenda": 16, "produto": 1, "quantidade": 1, "preco_unitario": "14.90"}}, {"model": "app.itemencomenda", "pk": 19, "fields": {"encomenda": 17, "produto": 1, "quantidade": 1, "preco_unitario": "14.90"}}, {"model": "app.itemencomenda", "pk": 20, "fields": {"encomenda": 18, "produto": 1, "quantidade": 1, "preco_unitario": "14.90"}}, {"model": "app.categoriaservico", "pk": 1, "fields": {"nome": "Hidroterapia", "descricao": "Tratamentos com água termal", "icone": "fa-water", "ordem": 0, "ativo": true}}, {"model": "app.categoriaservico", "pk": 2, "fields": {"nome": "Massagens", "descricao": "Massagens terapêuticas e relaxantes", "icone": "fa-hand-sparkles", "ordem": 0, "ativo": true}}, {"model": "app.categoriaservico", "pk": 3, "fields": {"nome": "Tratamentos Termais", "descricao": "Tratamentos especializados", "icone": "fa-spa", "ordem": 0, "ativo": true}}, {"model": "app.categoriaservico", "pk": 4, "fields": {"nome": "Ginásio", "descricao": "", "icone": "fa-spa", "ordem": 0, "ativo": true}}, {"model": "app.categoriaservico", "pk": 5, "fields": {"nome": "Administração", "descricao": "Serviços de apoio interno e gestão", "icone": "fa-sitemap", "ordem": 1, "ativo": true}}, {"model": "app.categoriaservico", "pk": 6, "fields": {"nome": "Atendimento", "descricao": "Serviços orientados ao contacto com clientes", "icone": "fa-headset", "ordem": 2, "ativo": true}}, {"model": "app.categoriaservico", "pk": 7, "fields": {"nome": "Operação", "descricao": "Serviços de execução e apoio operacional", "icone": "fa-cogs", "ordem": 3, "ativo": true}}, {"model": "app.categoriaservico", "pk": 8, "fields": {"nome": "Manutenção", "descricao": "Serviços de manutenção e organização", "icone": "fa-tools", "ordem": 4, "ativo": true}}, {"model": "app.servico", "pk": 1, "fields": {"nome": "Banho Termal", "descricao": "Banho relaxante em águas termais naturais com propriedades terapêuticas.", "categoria": 1, "duracao": 30, "preco": "25.00", "imagem": "", "capacidade_maxima": 1, "requer_prescricao": false, "ativo": true, "destaque": true, "is_aula": false, "data_criacao": "2026-01-22T09:58:43.517Z", "funcionarios": []}}, {"model": "app.servico", "pk": 2, "fields": {"nome": "Duche Vichy", "descricao": "Duche de jatos de água termal sobre o corpo.", "categoria": 1, "duracao": 20, "preco": "35.00", "imagem": "", "capacidade_maxima": 1, "requer_prescricao": false, "ativo": true, "destaque": false, "is_aula": false, "data_criacao": "2026-01-22T09:58:43.523Z", "funcionarios": []}}, {"model": "app.servico", "pk": 3, "fields": {"nome": "Massagem Relaxante", "descricao": "Massagem corporal completa para relaxamento muscular.", "categoria": 2, "duracao": 60, "preco": "55.00", "imagem": "", "capacidade_maxima": 1, "requer_prescricao": false, "ativo": true, "destaque": true, "is_aula": false, "data_criacao": "2026-01-22T09:58:43.529Z", "funcionarios": []}}, {"model": "app.servico", "pk": 4, "fields": {"nome": "Massagem Terapêutica", "descricao": "Massagem focada em pontos de tensão e dor.", "categoria": 2, "duracao": 45, "preco": "50.00", "imagem": "", "capacidade_maxima": 1, "requer_prescricao": false, "ativo": true, "destaque": false, "is_aula": false, "data_criacao": "2026-01-22T09:58:43.535Z", "funcionarios": []}}, {"model": "app.servico", "pk": 5, "fields": {"nome": "Fangoterapia", "descricao": "Aplicação de lamas termais com propriedades curativas.", "categoria": 3, "duracao": 40, "preco": "45.00", "imagem": "", "capacidade_maxima": 1, "requer_prescricao": false, "ativo": true, "destaque": false, "is_aula": false, "data_criacao": "2026-01-22T09:58:43.540Z", "funcionarios": []}}, {"model": "app.servico", "pk": 6, "fields": {"nome": "Aula Pilates", "descricao": "Aula Pilates", "categoria": 4, "duracao": 45, "preco": "15.00", "imagem": "", "capacidade_maxima": 10, "requer_prescricao": false, "ativo": true, "destaque": false, "is_aula": true, "data_criacao": "2026-05-08T14:24:21.707Z", "funcionarios": [["test"], ["rviana"]]}}, {"model": "app.servico", "pk": 7, "fields": {"nome": "Consultoria Inicial", "descricao": "Sessão de avaliação para identificar necessidades e próximos passos.", "categoria": 5, "duracao": 30, "preco": "35.00", "imagem": "", "capacidade_maxima": 1, "requer_prescricao": false, "ativo": true, "destaque": true, "is_aula": false, "data_criacao": "2026-06-11T07:51:05.017Z", "funcionarios": []}}, {"model": "app.servico", "pk": 8, "fields": {"nome": "Apoio ao Cliente", "descricao": "Atendimento assistido para pedidos, dúvidas e acompanhamento.", "categoria": 6, "duracao": 45, "preco": "40.00", "imagem": "", "capacidade_maxima": 1, "requer_prescricao": false, "ativo": true, "destaque": false, "is_aula": false, "data_criacao": "2026-06-11T07:51:05.023Z", "funcionarios": []}}, {"model": "app.servico", "pk": 9, "fields": {"nome": "Gestão de Agenda", "descricao": "Organização de horários, recursos e marcações.", "categoria": 7, "duracao": 60, "preco": "55.00", "imagem": "", "capacidade_maxima": 1, "requer_prescricao": false, "ativo": true, "destaque": true, "is_aula": false, "data_criacao": "2026-06-11T07:51:05.029Z", "funcionarios": []}}, {"model": "app.servico", "pk": 10, "fields": {"nome": "Manutenção Preventiva", "descricao": "Verificação regular e ajustes para manter a operação estável.", "categoria": 8, "duracao": 90, "preco": "75.00", "imagem": "", "capacidade_maxima": 1, "requer_prescricao": false, "ativo": true, "destaque": false, "is_aula": false, "data_criacao": "2026-06-11T07:51:05.035Z", "funcionarios": []}}, {"model": "app.horariofuncionario", "pk": 2, "fields": {"servico": null, "funcionario": ["rviana"], "dia_semana": 0, "hora_inicio": "09:00:00", "hora_fim": "18:00:00", "data_inicio": null, "data_fim": null, "ativo": true, "estado": "aprovado"}}, {"model": "app.horariofuncionario", "pk": 4, "fields": {"servico": null, "funcionario": ["rviana"], "dia_semana": 1, "hora_inicio": "08:25:00", "hora_fim": "17:10:00", "data_inicio": null, "data_fim": null, "ativo": true, "estado": "aprovado"}}, {"model": "app.horariofuncionario", "pk": 5, "fields": {"servico": null, "funcionario": ["test"], "dia_semana": 2, "hora_inicio": "10:00:00", "hora_fim": "17:10:00", "data_inicio": null, "data_fim": null, "ativo": true, "estado": "aprovado"}}, {"model": "app.horariofuncionario", "pk": 6, "fields": {"servico": null, "funcionario": ["test"], "dia_semana": 5, "hora_inicio": "09:00:00", "hora_fim": "18:00:00", "data_inicio": null, "data_fim": null, "ativo": true, "estado": "aprovado"}}, {"model": "app.horariofuncionario", "pk": 7, "fields": {"servico": null, "funcionario": ["admin1"], "dia_semana": 1, "hora_inicio": "12:00:00", "hora_fim": "13:00:00", "data_inicio": null, "data_fim": null, "ativo": true, "estado": "aprovado"}}, {"model": "app.horariofuncionario", "pk": 22, "fields": {"servico": null, "funcionario": ["test"], "dia_semana": 0, "hora_inicio": "09:00:00", "hora_fim": "10:00:00", "data_inicio": null, "data_fim": null, "ativo": true, "estado": "aprovado"}}, {"model": "app.horariofuncionario", "pk": 24, "fields": {"servico": 6, "funcionario": ["rviana"], "dia_semana": 1, "hora_inicio": "22:37:00", "hora_fim": "23:37:00", "data_inicio": "2026-06-14", "data_fim": "2026-06-28", "ativo": true, "estado": "aprovado"}}, {"model": "app.feriasfuncionario", "pk": 1, "fields": {"funcionario": ["rviana"], "data_inicio": "2026-05-11", "data_fim": "2026-05-11", "motivo": "", "estado": "aprovado"}}, {"model": "app.feriasfuncionario", "pk": 2, "fields": {"funcionario": ["test"], "data_inicio": "2026-05-20", "data_fim": "2026-05-22", "motivo": "Teste recepcao -> funcionario", "estado": "aprovado"}}, {"model": "app.feriasfuncionario", "pk": 3, "fields": {"funcionario": ["test"], "data_inicio": "2026-05-25", "data_fim": "2026-05-26", "motivo": "Teste func self", "estado": "aprovado"}}, {"model": "app.feriasfuncionario", "pk": 4, "fields": {"funcionario": ["test"], "data_inicio": "2026-05-20", "data_fim": "2026-05-22", "motivo": "Teste recepcao -> funcionario", "estado": "aprovado"}}, {"model": "app.feriasfuncionario", "pk": 5, "fields": {"funcionario": ["test"], "data_inicio": "2026-05-25", "data_fim": "2026-05-26", "motivo": "Teste func self", "estado": "aprovado"}}, {"model": "app.feriasfuncionario", "pk": 6, "fields": {"funcionario": ["test"], "data_inicio": "2026-05-20", "data_fim": "2026-05-22", "motivo": "Teste recepcao -> funcionario", "estado": "aprovado"}}, {"model": "app.feriasfuncionario", "pk": 7, "fields": {"funcionario": ["test"], "data_inicio": "2026-05-25", "data_fim": "2026-05-26", "motivo": "Teste func self", "estado": "aprovado"}}, {"model": "app.feriasfuncionario", "pk": 8, "fields": {"funcionario": ["test"], "data_inicio": "2026-05-20", "data_fim": "2026-05-22", "motivo": "Teste recepcao -> funcionario", "estado": "aprovado"}}, {"model": "app.feriasfuncionario", "pk": 9, "fields": {"funcionario": ["test"], "data_inicio": "2026-05-25", "data_fim": "2026-05-26", "motivo": "Teste func self", "estado": "aprovado"}}, {"model": "app.feriasfuncionario", "pk": 10, "fields": {"funcionario": ["test"], "data_inicio": "2026-05-20", "data_fim": "2026-05-22", "motivo": "Teste recepcao -> funcionario", "estado": "aprovado"}}, {"model": "app.feriasfuncionario", "pk": 11, "fields": {"funcionario": ["test"], "data_inicio": "2026-05-25", "data_fim": "2026-05-26", "motivo": "Teste func self", "estado": "aprovado"}}, {"model": "app.feriasfuncionario", "pk": 12, "fields": {"funcionario": ["test"], "data_inicio": "2026-05-20", "data_fim": "2026-05-22", "motivo": "Teste recepcao -> funcionario", "estado": "aprovado"}}, {"model": "app.feriasfuncionario", "pk": 13, "fields": {"funcionario": ["test"], "data_inicio": "2026-05-25", "data_fim": "2026-05-26", "motivo": "Teste func self", "estado": "aprovado"}}, {"model": "app.bloqueiohorario", "pk": 1, "fields": {"funcionario": ["test"], "servico": null, "data": "2026-06-15", "hora_inicio": "09:00:00", "hora_fim": "10:00:00", "motivo": "Teste", "criado_em": "2026-06-14T21:15:39.272Z"}}, {"model": "app.reserva", "pk": 1, "fields": {"cliente": ["admin"], "servico": 1, "funcionario": null, "data": "2026-01-23", "hora": "12:00:00", "estado": "concluida", "notas": "", "notas_internas": "", "preco_final": "25.00", "data_criacao": "2026-01-22T10:02:44.574Z", "data_atualizacao": "2026-01-22T10:02:50.692Z"}}, {"model": "app.reserva", "pk": 6, "fields": {"cliente": ["gabriel123"], "servico": 6, "funcionario": ["rviana"], "data": "2026-05-18", "hora": "09:30:00", "estado": "pendente", "notas": "", "notas_internas": "", "preco_final": "15.00", "data_criacao": "2026-05-08T14:41:31.089Z", "data_atualizacao": "2026-05-08T14:41:46.663Z"}}, {"model": "app.reserva", "pk": 8, "fields": {"cliente": ["vascom"], "servico": 1, "funcionario": ["rviana"], "data": "2026-05-18", "hora": "10:30:00", "estado": "confirmada", "notas": "", "notas_internas": "", "preco_final": "25.00", "data_criacao": "2026-05-08T14:53:39.038Z", "data_atualizacao": "2026-05-08T15:02:38.298Z"}}, {"model": "app.reserva", "pk": 9, "fields": {"cliente": ["a14616"], "servico": 6, "funcionario": ["rviana"], "data": "2026-05-18", "hora": "10:30:00", "estado": "cancelada", "notas": "", "notas_internas": "", "preco_final": "15.00", "data_criacao": "2026-05-08T14:57:47.692Z", "data_atualizacao": "2026-05-15T13:26:58.399Z"}}, {"model": "app.reserva", "pk": 10, "fields": {"cliente": ["leo696"], "servico": 1, "funcionario": ["rviana"], "data": "2026-05-18", "hora": "10:30:00", "estado": "concluida", "notas": "", "notas_internas": "", "preco_final": "25.00", "data_criacao": "2026-05-08T15:00:40.828Z", "data_atualizacao": "2026-05-08T15:00:55.043Z"}}, {"model": "app.reserva", "pk": 11, "fields": {"cliente": ["rviana31"], "servico": 1, "funcionario": ["rviana"], "data": "2026-05-18", "hora": "11:00:00", "estado": "cancelada", "notas": "", "notas_internas": "", "preco_final": "25.00", "data_criacao": "2026-05-10T20:58:16.828Z", "data_atualizacao": "2026-05-10T20:58:58.048Z"}}, {"model": "app.reserva", "pk": 12, "fields": {"cliente": ["admin"], "servico": 6, "funcionario": ["rviana"], "data": "2026-05-18", "hora": "11:00:00", "estado": "confirmada", "notas": "", "notas_internas": "", "preco_final": "15.00", "data_criacao": "2026-05-10T21:00:30.446Z", "data_atualizacao": "2026-05-10T21:00:40.323Z"}}, {"model": "app.reserva", "pk": 13, "fields": {"cliente": ["inessnes"], "servico": 6, "funcionario": ["rviana"], "data": "2026-05-18", "hora": "10:00:00", "estado": "cancelada", "notas": "", "notas_internas": "", "preco_final": "15.00", "data_criacao": "2026-05-14T10:27:03.805Z", "data_atualizacao": "2026-05-14T10:27:28.817Z"}}, {"model": "app.reserva", "pk": 14, "fields": {"cliente": ["test"], "servico": 6, "funcionario": ["rviana"], "data": "2026-05-19", "hora": "08:25:00", "estado": "pendente", "notas": "", "notas_internas": "", "preco_final": "15.00", "data_criacao": "2026-05-15T14:22:08.364Z", "data_atualizacao": "2026-05-15T14:22:08.364Z"}}, {"model": "app.reserva", "pk": 15, "fields": {"cliente": ["test"], "servico": 6, "funcionario": ["rviana"], "data": "2026-05-19", "hora": "08:55:00", "estado": "pendente", "notas": "q", "notas_internas": "", "preco_final": "15.00", "data_criacao": "2026-05-15T14:23:25.590Z", "data_atualizacao": "2026-05-15T14:23:25.590Z"}}, {"model": "app.reserva", "pk": 16, "fields": {"cliente": ["test"], "servico": 6, "funcionario": ["test"], "data": "2026-05-20", "hora": "10:30:00", "estado": "pendente", "notas": "", "notas_internas": "", "preco_final": "15.00", "data_criacao": "2026-05-15T14:25:29.567Z", "data_atualizacao": "2026-05-15T14:25:29.567Z"}}, {"model": "app.reserva", "pk": 17, "fields": {"cliente": ["ruas"], "servico": 6, "funcionario": ["rviana"], "data": "2026-05-26", "hora": "09:25:00", "estado": "cancelada", "notas": "", "notas_internas": "", "preco_final": "15.00", "data_criacao": "2026-05-22T10:33:27.597Z", "data_atualizacao": "2026-05-22T10:34:08.043Z"}}, {"model": "app.reserva", "pk": 22, "fields": {"cliente": ["a14616"], "servico": 6, "funcionario": ["test"], "data": "2026-06-22", "hora": "09:00:00", "estado": "confirmada", "notas": "", "notas_internas": "", "preco_final": "15.00", "data_criacao": "2026-06-16T22:29:09.933Z", "data_atualizacao": "2026-06-16T22:29:38.954Z"}}, {"model": "app.reserva", "pk": 23, "fields": {"cliente": ["a14616"], "servico": 6, "funcionario": ["test"], "data": "2026-06-29", "hora": "09:00:00", "estado": "confirmada", "notas": "adad", "notas_internas": "", "preco_final": "15.00", "data_criacao": "2026-06-24T09:13:07.174Z", "data_atualizacao": "2026-06-24T09:13:35.980Z"}}, {"model": "app.reserva", "pk": 24, "fields": {"cliente": ["gviana"], "servico": 6, "funcionario": ["rviana"], "data": "2026-06-29", "hora": "09:00:00", "estado": "pendente", "notas": "", "notas_internas": "", "preco_final": "15.00", "data_criacao": "2026-06-26T14:24:13.764Z", "data_atualizacao": "2026-06-26T14:24:13.764Z"}}, {"model": "app.reserva", "pk": 25, "fields": {"cliente": ["admin2"], "servico": 6, "funcionario": ["rviana"], "data": "2026-06-29", "hora": "09:30:00", "estado": "pendente", "notas": "as", "notas_internas": "", "preco_final": "15.00", "data_criacao": "2026-06-26T15:01:07.686Z", "data_atualizacao": "2026-06-26T15:01:07.687Z"}}, {"model": "app.reserva", "pk": 26, "fields": {"cliente": ["a14616"], "servico": 6, "funcionario": ["rviana"], "data": "2026-06-29", "hora": "10:00:00", "estado": "pendente", "notas": "", "notas_internas": "", "preco_final": "15.00", "data_criacao": "2026-06-26T15:11:15.660Z", "data_atualizacao": "2026-06-26T15:11:15.660Z"}}]